[
  {
    "name": "Application Start",
    "start": 1555574368530,
    "end": 1555574372887,
    "duration": 4357,
    "pid": 29812,
    "index": 0
  },
  {
    "name": "Load Plugin",
    "start": 1555574368547,
    "end": 1555574368608,
    "duration": 61,
    "pid": 29812,
    "index": 1
  },
  {
    "name": "Load Config",
    "start": 1555574368608,
    "end": 1555574368697,
    "duration": 89,
    "pid": 29812,
    "index": 2
  },
  {
    "name": "Require(0) config/config.default.js",
    "start": 1555574368610,
    "end": 1555574368610,
    "duration": 0,
    "pid": 29812,
    "index": 3
  },
  {
    "name": "Require(1) node_modules/egg-session/config/config.default.js",
    "start": 1555574368614,
    "end": 1555574368615,
    "duration": 1,
    "pid": 29812,
    "index": 4
  },
  {
    "name": "Require(2) node_modules/egg-security/config/config.default.js",
    "start": 1555574368617,
    "end": 1555574368618,
    "duration": 1,
    "pid": 29812,
    "index": 5
  },
  {
    "name": "Require(3) node_modules/egg-jsonp/config/config.default.js",
    "start": 1555574368620,
    "end": 1555574368620,
    "duration": 0,
    "pid": 29812,
    "index": 6
  },
  {
    "name": "Require(4) node_modules/egg-onerror/config/config.default.js",
    "start": 1555574368622,
    "end": 1555574368623,
    "duration": 1,
    "pid": 29812,
    "index": 7
  },
  {
    "name": "Require(5) node_modules/egg-i18n/config/config.default.js",
    "start": 1555574368625,
    "end": 1555574368625,
    "duration": 0,
    "pid": 29812,
    "index": 8
  },
  {
    "name": "Require(6) node_modules/egg-watcher/config/config.default.js",
    "start": 1555574368627,
    "end": 1555574368628,
    "duration": 1,
    "pid": 29812,
    "index": 9
  },
  {
    "name": "Require(7) node_modules/egg-schedule/config/config.default.js",
    "start": 1555574368630,
    "end": 1555574368631,
    "duration": 1,
    "pid": 29812,
    "index": 10
  },
  {
    "name": "Require(8) node_modules/egg-multipart/config/config.default.js",
    "start": 1555574368632,
    "end": 1555574368633,
    "duration": 1,
    "pid": 29812,
    "index": 11
  },
  {
    "name": "Require(9) node_modules/egg-development/config/config.default.js",
    "start": 1555574368635,
    "end": 1555574368635,
    "duration": 0,
    "pid": 29812,
    "index": 12
  },
  {
    "name": "Require(10) node_modules/egg-logrotator/config/config.default.js",
    "start": 1555574368637,
    "end": 1555574368638,
    "duration": 1,
    "pid": 29812,
    "index": 13
  },
  {
    "name": "Require(11) node_modules/egg-static/config/config.default.js",
    "start": 1555574368645,
    "end": 1555574368646,
    "duration": 1,
    "pid": 29812,
    "index": 14
  },
  {
    "name": "Require(12) node_modules/egg-view/config/config.default.js",
    "start": 1555574368649,
    "end": 1555574368650,
    "duration": 1,
    "pid": 29812,
    "index": 15
  },
  {
    "name": "Require(13) node_modules/egg-view-nunjucks/config/config.default.js",
    "start": 1555574368651,
    "end": 1555574368652,
    "duration": 1,
    "pid": 29812,
    "index": 16
  },
  {
    "name": "Require(14) node_modules/egg-redis/config/config.default.js",
    "start": 1555574368654,
    "end": 1555574368654,
    "duration": 0,
    "pid": 29812,
    "index": 17
  },
  {
    "name": "Require(15) node_modules/egg-sequelize/config/config.default.js",
    "start": 1555574368656,
    "end": 1555574368657,
    "duration": 1,
    "pid": 29812,
    "index": 18
  },
  {
    "name": "Require(16) node_modules/egg-validate/config/config.default.js",
    "start": 1555574368658,
    "end": 1555574368659,
    "duration": 1,
    "pid": 29812,
    "index": 19
  },
  {
    "name": "Require(17) node_modules/egg-cors/config/config.default.js",
    "start": 1555574368660,
    "end": 1555574368661,
    "duration": 1,
    "pid": 29812,
    "index": 20
  },
  {
    "name": "Require(18) node_modules/egg-passport-github/config/config.default.js",
    "start": 1555574368665,
    "end": 1555574368665,
    "duration": 0,
    "pid": 29812,
    "index": 21
  },
  {
    "name": "Require(19) node_modules/egg/config/config.default.js",
    "start": 1555574368666,
    "end": 1555574368667,
    "duration": 1,
    "pid": 29812,
    "index": 22
  },
  {
    "name": "Require(20) config/config.default.js",
    "start": 1555574368670,
    "end": 1555574368670,
    "duration": 0,
    "pid": 29812,
    "index": 23
  },
  {
    "name": "Require(21) node_modules/egg-security/config/config.local.js",
    "start": 1555574368672,
    "end": 1555574368673,
    "duration": 1,
    "pid": 29812,
    "index": 24
  },
  {
    "name": "Require(22) node_modules/egg-watcher/config/config.local.js",
    "start": 1555574368677,
    "end": 1555574368678,
    "duration": 1,
    "pid": 29812,
    "index": 25
  },
  {
    "name": "Require(23) node_modules/egg-view/config/config.local.js",
    "start": 1555574368685,
    "end": 1555574368686,
    "duration": 1,
    "pid": 29812,
    "index": 26
  },
  {
    "name": "Require(24) node_modules/egg-view-nunjucks/config/config.local.js",
    "start": 1555574368687,
    "end": 1555574368688,
    "duration": 1,
    "pid": 29812,
    "index": 27
  },
  {
    "name": "Require(25) node_modules/egg/config/config.local.js",
    "start": 1555574368695,
    "end": 1555574368696,
    "duration": 1,
    "pid": 29812,
    "index": 28
  },
  {
    "name": "Load extend/application.js",
    "start": 1555574368698,
    "end": 1555574368882,
    "duration": 184,
    "pid": 29812,
    "index": 29
  },
  {
    "name": "Require(26) node_modules/egg-session/app/extend/application.js",
    "start": 1555574368700,
    "end": 1555574368701,
    "duration": 1,
    "pid": 29812,
    "index": 30
  },
  {
    "name": "Require(27) node_modules/egg-security/app/extend/application.js",
    "start": 1555574368703,
    "end": 1555574368706,
    "duration": 3,
    "pid": 29812,
    "index": 31
  },
  {
    "name": "Require(28) node_modules/egg-jsonp/app/extend/application.js",
    "start": 1555574368708,
    "end": 1555574368715,
    "duration": 7,
    "pid": 29812,
    "index": 32
  },
  {
    "name": "Require(29) node_modules/egg-logrotator/app/extend/application.js",
    "start": 1555574368724,
    "end": 1555574368750,
    "duration": 26,
    "pid": 29812,
    "index": 33
  },
  {
    "name": "Require(30) node_modules/egg-view/app/extend/application.js",
    "start": 1555574368753,
    "end": 1555574368758,
    "duration": 5,
    "pid": 29812,
    "index": 34
  },
  {
    "name": "Require(31) node_modules/egg-view-nunjucks/app/extend/application.js",
    "start": 1555574368760,
    "end": 1555574368849,
    "duration": 89,
    "pid": 29812,
    "index": 35
  },
  {
    "name": "Load extend/request.js",
    "start": 1555574368883,
    "end": 1555574368937,
    "duration": 54,
    "pid": 29812,
    "index": 36
  },
  {
    "name": "Require(32) node_modules/egg/app/extend/request.js",
    "start": 1555574368907,
    "end": 1555574368912,
    "duration": 5,
    "pid": 29812,
    "index": 37
  },
  {
    "name": "Load extend/response.js",
    "start": 1555574368937,
    "end": 1555574368993,
    "duration": 56,
    "pid": 29812,
    "index": 38
  },
  {
    "name": "Require(33) node_modules/egg/app/extend/response.js",
    "start": 1555574368961,
    "end": 1555574368969,
    "duration": 8,
    "pid": 29812,
    "index": 39
  },
  {
    "name": "Load extend/context.js",
    "start": 1555574368993,
    "end": 1555574369215,
    "duration": 222,
    "pid": 29812,
    "index": 40
  },
  {
    "name": "Require(34) node_modules/egg-security/app/extend/context.js",
    "start": 1555574368996,
    "end": 1555574369065,
    "duration": 69,
    "pid": 29812,
    "index": 41
  },
  {
    "name": "Require(35) node_modules/egg-jsonp/app/extend/context.js",
    "start": 1555574369066,
    "end": 1555574369071,
    "duration": 5,
    "pid": 29812,
    "index": 42
  },
  {
    "name": "Require(36) node_modules/egg-i18n/app/extend/context.js",
    "start": 1555574369074,
    "end": 1555574369075,
    "duration": 1,
    "pid": 29812,
    "index": 43
  },
  {
    "name": "Require(37) node_modules/egg-multipart/app/extend/context.js",
    "start": 1555574369079,
    "end": 1555574369157,
    "duration": 78,
    "pid": 29812,
    "index": 44
  },
  {
    "name": "Require(38) node_modules/egg-view/app/extend/context.js",
    "start": 1555574369162,
    "end": 1555574369165,
    "duration": 3,
    "pid": 29812,
    "index": 45
  },
  {
    "name": "Require(39) node_modules/egg-validate/app/extend/context.js",
    "start": 1555574369170,
    "end": 1555574369171,
    "duration": 1,
    "pid": 29812,
    "index": 46
  },
  {
    "name": "Require(40) node_modules/egg-passport/app/extend/context.js",
    "start": 1555574369174,
    "end": 1555574369175,
    "duration": 1,
    "pid": 29812,
    "index": 47
  },
  {
    "name": "Require(41) node_modules/egg/app/extend/context.js",
    "start": 1555574369178,
    "end": 1555574369187,
    "duration": 9,
    "pid": 29812,
    "index": 48
  },
  {
    "name": "Load extend/helper.js",
    "start": 1555574369215,
    "end": 1555574369324,
    "duration": 109,
    "pid": 29812,
    "index": 49
  },
  {
    "name": "Require(42) node_modules/egg-security/app/extend/helper.js",
    "start": 1555574369218,
    "end": 1555574369275,
    "duration": 57,
    "pid": 29812,
    "index": 50
  },
  {
    "name": "Require(43) node_modules/egg/app/extend/helper.js",
    "start": 1555574369296,
    "end": 1555574369298,
    "duration": 2,
    "pid": 29812,
    "index": 51
  },
  {
    "name": "Load app.js",
    "start": 1555574369324,
    "end": 1555574369648,
    "duration": 324,
    "pid": 29812,
    "index": 52
  },
  {
    "name": "Require(44) node_modules/egg-session/app.js",
    "start": 1555574369325,
    "end": 1555574369326,
    "duration": 1,
    "pid": 29812,
    "index": 53
  },
  {
    "name": "Require(45) node_modules/egg-security/app.js",
    "start": 1555574369327,
    "end": 1555574369335,
    "duration": 8,
    "pid": 29812,
    "index": 54
  },
  {
    "name": "Require(46) node_modules/egg-onerror/app.js",
    "start": 1555574369338,
    "end": 1555574369371,
    "duration": 33,
    "pid": 29812,
    "index": 55
  },
  {
    "name": "Require(47) node_modules/egg-i18n/app.js",
    "start": 1555574369372,
    "end": 1555574369409,
    "duration": 37,
    "pid": 29812,
    "index": 56
  },
  {
    "name": "Require(48) node_modules/egg-watcher/app.js",
    "start": 1555574369410,
    "end": 1555574369427,
    "duration": 17,
    "pid": 29812,
    "index": 57
  },
  {
    "name": "Require(49) node_modules/egg-schedule/app.js",
    "start": 1555574369428,
    "end": 1555574369434,
    "duration": 6,
    "pid": 29812,
    "index": 58
  },
  {
    "name": "Require(50) node_modules/egg-multipart/app.js",
    "start": 1555574369435,
    "end": 1555574369449,
    "duration": 14,
    "pid": 29812,
    "index": 59
  },
  {
    "name": "Require(51) node_modules/egg-development/app.js",
    "start": 1555574369451,
    "end": 1555574369451,
    "duration": 0,
    "pid": 29812,
    "index": 60
  },
  {
    "name": "Require(52) node_modules/egg-logrotator/app.js",
    "start": 1555574369453,
    "end": 1555574369454,
    "duration": 1,
    "pid": 29812,
    "index": 61
  },
  {
    "name": "Require(53) node_modules/egg-static/app.js",
    "start": 1555574369455,
    "end": 1555574369456,
    "duration": 1,
    "pid": 29812,
    "index": 62
  },
  {
    "name": "Require(54) node_modules/egg-view-nunjucks/app.js",
    "start": 1555574369459,
    "end": 1555574369460,
    "duration": 1,
    "pid": 29812,
    "index": 63
  },
  {
    "name": "Require(55) node_modules/egg-redis/app.js",
    "start": 1555574369461,
    "end": 1555574369465,
    "duration": 4,
    "pid": 29812,
    "index": 64
  },
  {
    "name": "Require(56) node_modules/egg-sequelize/app.js",
    "start": 1555574369466,
    "end": 1555574369467,
    "duration": 1,
    "pid": 29812,
    "index": 65
  },
  {
    "name": "Require(57) node_modules/egg-validate/app.js",
    "start": 1555574369468,
    "end": 1555574369473,
    "duration": 5,
    "pid": 29812,
    "index": 66
  },
  {
    "name": "Require(58) node_modules/egg-cors/app.js",
    "start": 1555574369474,
    "end": 1555574369475,
    "duration": 1,
    "pid": 29812,
    "index": 67
  },
  {
    "name": "Require(59) node_modules/egg-passport/app.js",
    "start": 1555574369475,
    "end": 1555574369545,
    "duration": 70,
    "pid": 29812,
    "index": 68
  },
  {
    "name": "Require(60) node_modules/egg-passport-github/app.js",
    "start": 1555574369546,
    "end": 1555574369640,
    "duration": 94,
    "pid": 29812,
    "index": 69
  },
  {
    "name": "Require(61) app.js",
    "start": 1555574369646,
    "end": 1555574369648,
    "duration": 2,
    "pid": 29812,
    "index": 70
  },
  {
    "name": "Before Start in node_modules/egg-watcher/lib/init.js:15:14",
    "start": 1555574369682,
    "end": 1555574372869,
    "duration": 3187,
    "pid": 29812,
    "index": 71
  },
  {
    "name": "Before Start in node_modules/egg-redis/lib/redis.js:52:7",
    "start": 1555574370308,
    "end": 1555574372866,
    "duration": 2558,
    "pid": 29812,
    "index": 72
  },
  {
    "name": "Load \"Symbol(model)\" to Application",
    "start": 1555574371108,
    "end": 1555574371420,
    "duration": 312,
    "pid": 29812,
    "index": 73
  },
  {
    "name": "Before Start in node_modules/egg-sequelize/lib/loader.js:39:7",
    "start": 1555574371420,
    "end": 1555574372887,
    "duration": 1467,
    "pid": 29812,
    "index": 74
  },
  {
    "name": "Before Start in app.js:13:9",
    "start": 1555574371421,
    "end": 1555574372818,
    "duration": 1397,
    "pid": 29812,
    "index": 75
  },
  {
    "name": "Load Service",
    "start": 1555574371422,
    "end": 1555574371451,
    "duration": 29,
    "pid": 29812,
    "index": 76
  },
  {
    "name": "Load \"service\" to Context",
    "start": 1555574371423,
    "end": 1555574371451,
    "duration": 28,
    "pid": 29812,
    "index": 77
  },
  {
    "name": "Load Middleware",
    "start": 1555574371452,
    "end": 1555574371880,
    "duration": 428,
    "pid": 29812,
    "index": 78
  },
  {
    "name": "Load \"middlewares\" to Application",
    "start": 1555574371452,
    "end": 1555574371844,
    "duration": 392,
    "pid": 29812,
    "index": 79
  },
  {
    "name": "Load Controller",
    "start": 1555574371880,
    "end": 1555574372753,
    "duration": 873,
    "pid": 29812,
    "index": 80
  },
  {
    "name": "Load \"controller\" to Application",
    "start": 1555574371880,
    "end": 1555574372753,
    "duration": 873,
    "pid": 29812,
    "index": 81
  },
  {
    "name": "Load Router",
    "start": 1555574372753,
    "end": 1555574372779,
    "duration": 26,
    "pid": 29812,
    "index": 82
  },
  {
    "name": "Require(62) app/router.js",
    "start": 1555574372755,
    "end": 1555574372757,
    "duration": 2,
    "pid": 29812,
    "index": 83
  },
  {
    "name": "Before Start in node_modules/egg-core/lib/egg.js:303:10",
    "start": 1555574372758,
    "end": 1555574372818,
    "duration": 60,
    "pid": 29812,
    "index": 84
  }
]