{
  "config": {
    "session": {
      "maxAge": 86400000,
      "key": "EGG_SESS",
      "httpOnly": true,
      "encrypt": true,
      "overwrite": true,
      "signed": true,
      "autoCommit": true,
      "encode": "<Function encode>",
      "decode": "<Function decode>",
      "genid": "<Function anonymous>"
    },
    "security": {
      "domainWhiteList": [],
      "protocolWhiteList": [],
      "defaultMiddleware": "csrf,hsts,methodnoallow,noopen,nosniff,csp,xssProtection,xframe,dta",
      "csrf": {
        "enable": true,
        "useSession": false,
        "ignoreJSON": false,
        "cookieName": "csrfToken",
        "sessionName": "csrfToken",
        "headerName": "x-csrf-token",
        "bodyName": "_csrf",
        "queryName": "_csrf",
        "matching": "<Function anonymous>"
      },
      "xframe": {
        "enable": true,
        "value": "SAMEORIGIN",
        "matching": "<Function anonymous>"
      },
      "hsts": {
        "enable": false,
        "maxAge": 31536000,
        "includeSubdomains": false
      },
      "dta": {
        "enable": true,
        "matching": "<Function anonymous>"
      },
      "methodnoallow": {
        "enable": true,
        "matching": "<Function anonymous>"
      },
      "noopen": {
        "enable": true,
        "matching": "<Function anonymous>"
      },
      "nosniff": {
        "enable": true,
        "matching": "<Function anonymous>"
      },
      "referrerPolicy": {
        "enable": false,
        "value": "no-referrer-when-downgrade"
      },
      "xssProtection": {
        "enable": true,
        "value": "1; mode=block",
        "matching": "<Function anonymous>"
      },
      "csp": {
        "enable": false,
        "policy": {}
      },
      "ssrf": {
        "ipBlackList": null,
        "checkAddress": null
      },
      "_protocolWhiteListSet": "<Set>"
    },
    "helper": {
      "shtml": {}
    },
    "jsonp": {
      "limit": 50,
      "callback": [
        "_callback",
        "callback"
      ],
      "csrf": false
    },
    "onerror": {
      "errorPageUrl": "",
      "appErrorFilter": null,
      "templatePath": "/vagrant_data/nodeworks/egg-ifram_1/node_modules/egg-onerror/lib/onerror_page.mustache"
    },
    "i18n": {
      "defaultLocale": "en_US",
      "dirs": [
        "/vagrant_data/nodeworks/egg-ifram_1/node_modules/egg-session/config/locales",
        "/vagrant_data/nodeworks/egg-ifram_1/node_modules/egg-security/config/locales",
        "/vagrant_data/nodeworks/egg-ifram_1/node_modules/egg-jsonp/config/locales",
        "/vagrant_data/nodeworks/egg-ifram_1/node_modules/egg-onerror/config/locales",
        "/vagrant_data/nodeworks/egg-ifram_1/node_modules/egg-i18n/config/locales",
        "/vagrant_data/nodeworks/egg-ifram_1/node_modules/egg-watcher/config/locales",
        "/vagrant_data/nodeworks/egg-ifram_1/node_modules/egg-schedule/config/locales",
        "/vagrant_data/nodeworks/egg-ifram_1/node_modules/egg-multipart/config/locales",
        "/vagrant_data/nodeworks/egg-ifram_1/node_modules/egg-development/config/locales",
        "/vagrant_data/nodeworks/egg-ifram_1/node_modules/egg-logrotator/config/locales",
        "/vagrant_data/nodeworks/egg-ifram_1/node_modules/egg-static/config/locales",
        "/vagrant_data/nodeworks/egg-ifram_1/node_modules/egg-view/config/locales",
        "/vagrant_data/nodeworks/egg-ifram_1/node_modules/egg-view-nunjucks/config/locales",
        "/vagrant_data/nodeworks/egg-ifram_1/node_modules/egg-redis/config/locales",
        "/vagrant_data/nodeworks/egg-ifram_1/node_modules/egg-sequelize/config/locales",
        "/vagrant_data/nodeworks/egg-ifram_1/node_modules/egg-validate/config/locales",
        "/vagrant_data/nodeworks/egg-ifram_1/node_modules/egg-cors/config/locales",
        "/vagrant_data/nodeworks/egg-ifram_1/node_modules/egg-passport/config/locales",
        "/vagrant_data/nodeworks/egg-ifram_1/node_modules/egg-passport-github/config/locales",
        "/vagrant_data/nodeworks/egg-ifram_1/node_modules/egg/config/locales",
        "/vagrant_data/nodeworks/egg-ifram_1/config/locales"
      ],
      "queryField": "locale",
      "cookieField": "locale",
      "cookieMaxAge": "1y",
      "functionName": "__"
    },
    "watcher": {
      "type": "development",
      "eventSources": {
        "default": "/vagrant_data/nodeworks/egg-ifram_1/node_modules/egg-watcher/lib/event-sources/default",
        "development": "/vagrant_data/nodeworks/egg-ifram_1/node_modules/egg-watcher/lib/event-sources/development"
      }
    },
    "customLogger": {
      "scheduleLogger": {
        "consoleLevel": "NONE",
        "file": "egg-schedule.log"
      }
    },
    "schedule": {
      "directory": []
    },
    "multipart": {
      "mode": "stream",
      "autoFields": false,
      "defaultCharset": "utf8",
      "fieldNameSize": 100,
      "fieldSize": 102400,
      "fields": 10,
      "fileSize": 10485760,
      "files": 10,
      "fileExtensions": [],
      "whitelist": null,
      "tmpdir": "/tmp/egg-multipart-tmp/ifram",
      "cleanSchedule": {
        "cron": "0 30 4 * * *"
      }
    },
    "development": {
      "watchDirs": [],
      "ignoreDirs": [],
      "fastReady": false,
      "reloadOnDebug": true,
      "overrideDefault": false
    },
    "logrotator": {
      "filesRotateByHour": null,
      "hourDelimiter": "-",
      "filesRotateBySize": null,
      "maxFileSize": 52428800,
      "maxFiles": 10,
      "rotateDuration": 60000,
      "maxDays": 31
    },
    "static": {
      "prefix": "/",
      "dir": "/vagrant_data/nodeworks/egg-ifram_1/app/public",
      "dynamic": true,
      "preload": false,
      "buffer": true,
      "maxFiles": 1000,
      "maxAge": 31536000
    },
    "view": {
      "root": [
        "/vagrant_data/nodeworks/egg-ifram_1/app/view"
      ],
      "cache": false,
      "defaultExtension": ".html",
      "defaultViewEngine": "nunjucks",
      "mapping": {
        ".njk": "nunjucks"
      }
    },
    "nunjucks": {
      "autoescape": true,
      "throwOnUndefined": false,
      "trimBlocks": false,
      "lstripBlocks": false,
      "cache": false
    },
    "redis": {
      "default": {},
      "app": true,
      "agent": false,
      "supportTimeCommand": true,
      "client": {
        "port": 6379,
        "host": "127.0.0.1",
        "password": "<String len: 0>",
        "db": 0
      }
    },
    "sequelize": {
      "dialect": "postgres",
      "database": "egg_db",
      "host": "127.0.0.1",
      "port": "5432",
      "username": "root",
      "password": "<String len: 4>"
    },
    "validate": {},
    "cors": {
      "origin": "*"
    },
    "passportGithub": {
      "key": "c",
      "secret": "<String len: 1>",
      "callbackURL": "/passport/github/callback",
      "passReqToCallback": true,
      "clientID": "c",
      "clientSecret": "<String len: 1>",
      "authorizationURL": "https://github.com/login/oauth/authorize",
      "tokenURL": "https://github.com/login/oauth/access_token",
      "scopeSeparator": ",",
      "customHeaders": {
        "User-Agent": "passport-github"
      }
    },
    "env": "local",
    "name": "ifram",
    "keys": "<String len: 24>",
    "proxy": false,
    "protocolHeaders": "x-forwarded-proto",
    "ipHeaders": "x-forwarded-for",
    "hostHeaders": "",
    "pkg": {
      "name": "ifram",
      "version": "1.0.0",
      "description": "",
      "private": true,
      "egg": {
        "declarations": true
      },
      "dependencies": {
        "bcrypt": "^3.0.5",
        "egg": "^2.15.1",
        "egg-cors": "^2.2.0",
        "egg-passport": "^2.0.1",
        "egg-passport-github": "^1.0.0",
        "egg-redis": "^2.3.0",
        "egg-scripts": "^2.11.0",
        "egg-sequelize": "^4.3.1",
        "egg-validate": "^2.0.2",
        "egg-view-nunjucks": "^2.2.0",
        "ioredis": "^4.9.0",
        "passport-local": "^1.0.0",
        "pg": "^7.9.0",
        "pg-hstore": "^2.3.2",
        "qr-image": "^3.2.0",
        "ramda": "^0.26.1",
        "sequelize-cli": "^5.4.0",
        "silly-datetime": "^0.1.2",
        "svg-captcha": "^1.3.12",
        "uuid": "^3.3.2"
      },
      "devDependencies": {
        "autod": "^3.0.1",
        "autod-egg": "^1.1.0",
        "egg-bin": "^4.11.0",
        "egg-ci": "^1.11.0",
        "egg-mock": "^3.21.0",
        "eslint": "^5.13.0",
        "eslint-config-egg": "^7.1.0",
        "webstorm-disable-index": "^1.2.0"
      },
      "engines": {
        "node": ">=8.9.0"
      },
      "scripts": {
        "start": "egg-scripts start --daemon --title=egg-server-ifram",
        "stop": "egg-scripts stop --title=egg-server-ifram",
        "dev": "egg-bin dev",
        "debug": "egg-bin debug",
        "test": "npm run lint -- --fix && npm run test-local",
        "test-local": "egg-bin test",
        "cov": "egg-bin cov",
        "lint": "eslint .",
        "lint-fix": "eslint . --fix",
        "ci": "npm run lint && npm run cov",
        "autod": "autod"
      },
      "ci": {
        "version": "8"
      },
      "repository": {
        "type": "git",
        "url": ""
      },
      "author": "jack",
      "license": "MIT"
    },
    "baseDir": "/vagrant_data/nodeworks/egg-ifram_1",
    "HOME": "/root",
    "rundir": "/vagrant_data/nodeworks/egg-ifram_1/run",
    "dump": {
      "ignore": "<Set>"
    },
    "confusedConfigurations": {
      "bodyparser": "bodyParser",
      "notFound": "notfound",
      "sitefile": "siteFile",
      "middlewares": "middleware",
      "httpClient": "httpclient"
    },
    "notfound": {
      "pageUrl": ""
    },
    "siteFile": {
      "/favicon.ico": "<Buffer len: 6463>"
    },
    "bodyParser": {
      "enable": true,
      "encoding": "utf8",
      "formLimit": "100kb",
      "jsonLimit": "100kb",
      "strict": true,
      "queryString": {
        "arrayLimit": 100,
        "depth": 5,
        "parameterLimit": 1000
      },
      "returnRawBody": true
    },
    "logger": {
      "dir": "/vagrant_data/nodeworks/egg-ifram_1/logs/ifram",
      "encoding": "utf8",
      "env": "local",
      "level": "INFO",
      "consoleLevel": "INFO",
      "disableConsoleAfterReady": false,
      "outputJSON": false,
      "buffer": true,
      "appLogName": "ifram-web.log",
      "coreLogName": "egg-web.log",
      "agentLogName": "egg-agent.log",
      "errorLogName": "common-error.log",
      "coreLogger": {
        "consoleLevel": "WARN"
      },
      "allowDebugAtProd": false,
      "type": "application"
    },
    "httpclient": {
      "enableDNSCache": false,
      "dnsCacheLookupInterval": 10000,
      "dnsCacheMaxLength": 1000,
      "request": {
        "timeout": 5000
      },
      "httpAgent": {
        "keepAlive": true,
        "freeSocketTimeout": 4000,
        "maxSockets": 9007199254740991,
        "maxFreeSockets": 256
      },
      "httpsAgent": {
        "keepAlive": true,
        "freeSocketTimeout": 4000,
        "maxSockets": 9007199254740991,
        "maxFreeSockets": 256
      }
    },
    "meta": {
      "enable": true,
      "logging": false
    },
    "coreMiddleware": [
      "cors",
      "meta",
      "siteFile",
      "notfound",
      "static",
      "bodyParser",
      "overrideMethod",
      "session",
      "securities",
      "i18n",
      "eggLoaderTrace",
      "passportInitialize",
      "passportSession"
    ],
    "workerStartTimeout": 600000,
    "serverTimeout": null,
    "cluster": {
      "listen": {
        "path": "",
        "port": 7001,
        "hostname": ""
      }
    },
    "clusterClient": {
      "maxWaitTime": 60000,
      "responseTimeout": 60000
    },
    "onClientError": null,
    "middleware": [
      "auth"
    ],
    "auth": {
      "noAuthRoutes": [
        "/api/",
        "/captcha/",
        "/admin/"
      ]
    },
    "coreMiddlewares": "~config~coreMiddleware",
    "appMiddlewares": "~config~middleware",
    "appMiddleware": "~config~middleware",
    "multipartParseOptions": {
      "autoFields": false,
      "defCharset": "utf8",
      "limits": {
        "fieldNameSize": 100,
        "fieldSize": 102400,
        "fields": 10,
        "fileSize": 10485760,
        "files": 10
      },
      "checkFile": "<Function checkFile>"
    }
  },
  "plugins": {
    "session": {
      "enable": true,
      "package": "egg-session",
      "name": "session",
      "dependencies": [],
      "optionalDependencies": [],
      "env": [],
      "from": "/vagrant_data/nodeworks/egg-ifram_1/node_modules/egg/config/plugin.js",
      "path": "/vagrant_data/nodeworks/egg-ifram_1/node_modules/egg-session",
      "version": "3.1.0"
    },
    "security": {
      "enable": true,
      "package": "egg-security",
      "name": "security",
      "dependencies": [],
      "optionalDependencies": [
        "session"
      ],
      "env": [],
      "from": "/vagrant_data/nodeworks/egg-ifram_1/config/plugin.js",
      "path": "/vagrant_data/nodeworks/egg-ifram_1/node_modules/egg-security",
      "version": "2.5.0"
    },
    "jsonp": {
      "enable": true,
      "package": "egg-jsonp",
      "name": "jsonp",
      "dependencies": [],
      "optionalDependencies": [
        "security"
      ],
      "env": [],
      "from": "/vagrant_data/nodeworks/egg-ifram_1/node_modules/egg/config/plugin.js",
      "path": "/vagrant_data/nodeworks/egg-ifram_1/node_modules/egg-jsonp",
      "version": "2.0.0"
    },
    "onerror": {
      "enable": true,
      "package": "egg-onerror",
      "name": "onerror",
      "dependencies": [],
      "optionalDependencies": [
        "jsonp"
      ],
      "env": [],
      "from": "/vagrant_data/nodeworks/egg-ifram_1/node_modules/egg/config/plugin.js",
      "path": "/vagrant_data/nodeworks/egg-ifram_1/node_modules/egg-onerror",
      "version": "2.1.0"
    },
    "i18n": {
      "enable": true,
      "package": "egg-i18n",
      "name": "i18n",
      "dependencies": [],
      "optionalDependencies": [],
      "env": [],
      "from": "/vagrant_data/nodeworks/egg-ifram_1/node_modules/egg/config/plugin.js",
      "path": "/vagrant_data/nodeworks/egg-ifram_1/node_modules/egg-i18n",
      "version": "2.0.0"
    },
    "watcher": {
      "enable": true,
      "package": "egg-watcher",
      "name": "watcher",
      "dependencies": [],
      "optionalDependencies": [],
      "env": [],
      "from": "/vagrant_data/nodeworks/egg-ifram_1/node_modules/egg/config/plugin.js",
      "path": "/vagrant_data/nodeworks/egg-ifram_1/node_modules/egg-watcher",
      "version": "3.1.0"
    },
    "schedule": {
      "enable": true,
      "package": "egg-schedule",
      "name": "schedule",
      "dependencies": [],
      "optionalDependencies": [],
      "env": [],
      "from": "/vagrant_data/nodeworks/egg-ifram_1/node_modules/egg/config/plugin.js",
      "path": "/vagrant_data/nodeworks/egg-ifram_1/node_modules/egg-schedule",
      "version": "3.6.1"
    },
    "multipart": {
      "enable": true,
      "package": "egg-multipart",
      "name": "multipart",
      "dependencies": [],
      "optionalDependencies": [
        "schedule"
      ],
      "env": [],
      "from": "/vagrant_data/nodeworks/egg-ifram_1/node_modules/egg/config/plugin.js",
      "path": "/vagrant_data/nodeworks/egg-ifram_1/node_modules/egg-multipart",
      "version": "2.4.0"
    },
    "development": {
      "enable": true,
      "package": "egg-development",
      "name": "development",
      "dependencies": [
        "watcher"
      ],
      "optionalDependencies": [],
      "env": [
        "local"
      ],
      "from": "/vagrant_data/nodeworks/egg-ifram_1/node_modules/egg/config/plugin.js",
      "path": "/vagrant_data/nodeworks/egg-ifram_1/node_modules/egg-development",
      "version": "2.4.2"
    },
    "logrotator": {
      "enable": true,
      "package": "egg-logrotator",
      "name": "logrotator",
      "dependencies": [
        "schedule"
      ],
      "optionalDependencies": [],
      "env": [],
      "from": "/vagrant_data/nodeworks/egg-ifram_1/node_modules/egg/config/plugin.js",
      "path": "/vagrant_data/nodeworks/egg-ifram_1/node_modules/egg-logrotator",
      "version": "3.0.7"
    },
    "static": {
      "enable": true,
      "package": "egg-static",
      "name": "static",
      "dependencies": [],
      "optionalDependencies": [],
      "env": [],
      "from": "/vagrant_data/nodeworks/egg-ifram_1/node_modules/egg/config/plugin.js",
      "path": "/vagrant_data/nodeworks/egg-ifram_1/node_modules/egg-static",
      "version": "2.2.0"
    },
    "view": {
      "enable": true,
      "package": "egg-view",
      "name": "view",
      "dependencies": [],
      "optionalDependencies": [],
      "env": [],
      "from": "/vagrant_data/nodeworks/egg-ifram_1/node_modules/egg/config/plugin.js",
      "path": "/vagrant_data/nodeworks/egg-ifram_1/node_modules/egg-view",
      "version": "2.1.2"
    },
    "nunjucks": {
      "enable": true,
      "package": "egg-view-nunjucks",
      "name": "nunjucks",
      "dependencies": [
        "security",
        "view"
      ],
      "optionalDependencies": [],
      "env": [],
      "from": "/vagrant_data/nodeworks/egg-ifram_1/config/plugin.js",
      "path": "/vagrant_data/nodeworks/egg-ifram_1/node_modules/egg-view-nunjucks",
      "version": "2.2.0"
    },
    "redis": {
      "enable": true,
      "package": "egg-redis",
      "name": "redis",
      "dependencies": [],
      "optionalDependencies": [],
      "env": [],
      "from": "/vagrant_data/nodeworks/egg-ifram_1/config/plugin.js",
      "path": "/vagrant_data/nodeworks/egg-ifram_1/node_modules/egg-redis",
      "version": "2.3.0"
    },
    "sequelize": {
      "enable": true,
      "package": "egg-sequelize",
      "name": "sequelize",
      "dependencies": [],
      "optionalDependencies": [],
      "env": [],
      "from": "/vagrant_data/nodeworks/egg-ifram_1/config/plugin.js",
      "path": "/vagrant_data/nodeworks/egg-ifram_1/node_modules/egg-sequelize",
      "version": "4.3.1"
    },
    "validate": {
      "enable": true,
      "package": "egg-validate",
      "name": "validate",
      "dependencies": [],
      "optionalDependencies": [],
      "env": [],
      "from": "/vagrant_data/nodeworks/egg-ifram_1/config/plugin.js",
      "path": "/vagrant_data/nodeworks/egg-ifram_1/node_modules/egg-validate",
      "version": "2.0.2"
    },
    "cors": {
      "enable": true,
      "package": "egg-cors",
      "name": "cors",
      "dependencies": [],
      "optionalDependencies": [],
      "env": [],
      "from": "/vagrant_data/nodeworks/egg-ifram_1/config/plugin.js",
      "path": "/vagrant_data/nodeworks/egg-ifram_1/node_modules/egg-cors",
      "version": "2.2.0"
    },
    "passport": {
      "enable": true,
      "package": "egg-passport",
      "name": "passport",
      "dependencies": [
        "session"
      ],
      "optionalDependencies": [],
      "env": [],
      "from": "/vagrant_data/nodeworks/egg-ifram_1/config/plugin.js",
      "path": "/vagrant_data/nodeworks/egg-ifram_1/node_modules/egg-passport",
      "version": "2.0.1"
    },
    "passportGithub": {
      "enable": true,
      "package": "egg-passport-github",
      "name": "passportGithub",
      "dependencies": [
        "passport"
      ],
      "optionalDependencies": [],
      "env": [],
      "from": "/vagrant_data/nodeworks/egg-ifram_1/config/plugin.js",
      "path": "/vagrant_data/nodeworks/egg-ifram_1/node_modules/egg-passport-github",
      "version": "1.0.0"
    }
  }
}