{
  "name": "ifram",
  "version": "1.0.0",
  "description": "",
  "private": true,
  "egg": {
    "declarations": true
  },
  "dependencies": {
    "egg": "^2.15.1",
    "egg-redis": "^2.3.0",
    "egg-scripts": "^2.11.0",
    "egg-sequelize": "^4.3.1",
    "egg-view-nunjucks": "^2.2.0",
    "ioredis": "^4.9.0",
    "pg": "^7.9.0",
    "pg-hstore": "^2.3.2",
    "qr-image": "^3.2.0",
    "silly-datetime": "^0.1.2",
    "svg-captcha": "^1.3.12"
  },
  "devDependencies": {
    "autod": "^3.0.1",
    "autod-egg": "^1.1.0",
    "egg-bin": "^4.11.0",
    "egg-ci": "^1.11.0",
    "egg-mock": "^3.21.0",
    "eslint": "^5.13.0",
    "eslint-config-egg": "^7.1.0",
    "webstorm-disable-index": "^1.2.0"
  },
  "engines": {
    "node": ">=8.9.0"
  },
  "scripts": {
    "start": "egg-scripts start --daemon --title=egg-server-ifram",
    "stop": "egg-scripts stop --title=egg-server-ifram",
    "dev": "egg-bin dev",
    "debug": "egg-bin debug",
    "test": "npm run lint -- --fix && npm run test-local",
    "test-local": "egg-bin test",
    "cov": "egg-bin cov",
    "lint": "eslint .",
    "ci": "npm run lint && npm run cov",
    "autod": "autod"
  },
  "ci": {
    "version": "8"
  },
  "repository": {
    "type": "git",
    "url": ""
  },
  "author": "jack",
  "license": "MIT"
}
